{
  "021 - /actions/Account.action;jsessionid=BF49D44EA8540FCE37C1A1D090F491C6 ()" : {
    "transaction" : "021 - /actions/Account.action;jsessionid=BF49D44EA8540FCE37C1A1D090F491C6 ()",
    "sampleCount" : 2,
    "errorCount" : 0,
    "errorPct" : 0.0,
    "meanResTime" : 558.0,
    "medianResTime" : 558.0,
    "minResTime" : 551.0,
    "maxResTime" : 565.0,
    "pct1ResTime" : 565.0,
    "pct2ResTime" : 565.0,
    "pct3ResTime" : 565.0,
    "throughput" : 0.06666666666666667,
    "receivedKBytesPerSec" : 0.26666666666666666,
    "sentKBytesPerSec" : 0.05621744791666667
  },
  "039 - /actions/Order.action ()" : {
    "transaction" : "039 - /actions/Order.action ()",
    "sampleCount" : 2,
    "errorCount" : 0,
    "errorPct" : 0.0,
    "meanResTime" : 587.0,
    "medianResTime" : 587.0,
    "minResTime" : 561.0,
    "maxResTime" : 613.0,
    "pct1ResTime" : 613.0,
    "pct2ResTime" : 613.0,
    "pct3ResTime" : 613.0,
    "throughput" : 0.06678465288676663,
    "receivedKBytesPerSec" : 0.35655439192573546,
    "sentKBytesPerSec" : 0.05458862740842155
  },
  "024 - /actions/Catalog.action ()" : {
    "transaction" : "024 - /actions/Catalog.action ()",
    "sampleCount" : 2,
    "errorCount" : 0,
    "errorPct" : 0.0,
    "meanResTime" : 562.0,
    "medianResTime" : 562.0,
    "minResTime" : 560.0,
    "maxResTime" : 564.0,
    "pct1ResTime" : 564.0,
    "pct2ResTime" : 564.0,
    "pct3ResTime" : 564.0,
    "throughput" : 0.0668493883280968,
    "receivedKBytesPerSec" : 0.33946955010361657,
    "sentKBytesPerSec" : 0.05806887784945518
  },
  "023 - /actions/Account.action ()-0" : {
    "transaction" : "023 - /actions/Account.action ()-0",
    "sampleCount" : 2,
    "errorCount" : 0,
    "errorPct" : 0.0,
    "meanResTime" : 600.5,
    "medianResTime" : 600.5,
    "minResTime" : 559.0,
    "maxResTime" : 642.0,
    "pct1ResTime" : 642.0,
    "pct2ResTime" : 642.0,
    "pct3ResTime" : 642.0,
    "throughput" : 0.06665111473989403,
    "receivedKBytesPerSec" : 0.014970465224780884,
    "sentKBytesPerSec" : 0.07651209509447796
  },
  "Add to cart" : {
    "transaction" : "Add to cart",
    "sampleCount" : 2,
    "errorCount" : 0,
    "errorPct" : 0.0,
    "meanResTime" : 629.5,
    "medianResTime" : 629.5,
    "minResTime" : 580.0,
    "maxResTime" : 679.0,
    "pct1ResTime" : 679.0,
    "pct2ResTime" : 679.0,
    "pct3ResTime" : 679.0,
    "throughput" : 0.06678242286630158,
    "receivedKBytesPerSec" : 0.31728172582476294,
    "sentKBytesPerSec" : 0.05739114465072793
  },
  "Preceed to checkout" : {
    "transaction" : "Preceed to checkout",
    "sampleCount" : 2,
    "errorCount" : 0,
    "errorPct" : 0.0,
    "meanResTime" : 573.0,
    "medianResTime" : 573.0,
    "minResTime" : 560.0,
    "maxResTime" : 586.0,
    "pct1ResTime" : 586.0,
    "pct2ResTime" : 586.0,
    "pct3ResTime" : 586.0,
    "throughput" : 0.06698596644003081,
    "receivedKBytesPerSec" : 0.3682919834544663,
    "sentKBytesPerSec" : 0.05625774525236963
  },
  "038 - /actions/Order.action ()" : {
    "transaction" : "038 - /actions/Order.action ()",
    "sampleCount" : 2,
    "errorCount" : 0,
    "errorPct" : 0.0,
    "meanResTime" : 575.0,
    "medianResTime" : 575.0,
    "minResTime" : 558.0,
    "maxResTime" : 592.0,
    "pct1ResTime" : 592.0,
    "pct2ResTime" : 592.0,
    "pct3ResTime" : 592.0,
    "throughput" : 0.06691201070592172,
    "receivedKBytesPerSec" : 0.31175508113081296,
    "sentKBytesPerSec" : 0.09559792154566744
  },
  "023 - /actions/Account.action ()-1" : {
    "transaction" : "023 - /actions/Account.action ()-1",
    "sampleCount" : 2,
    "errorCount" : 0,
    "errorPct" : 0.0,
    "meanResTime" : 566.5,
    "medianResTime" : 566.5,
    "minResTime" : 563.0,
    "maxResTime" : 570.0,
    "pct1ResTime" : 570.0,
    "pct2ResTime" : 570.0,
    "pct3ResTime" : 570.0,
    "throughput" : 0.06683598449405159,
    "receivedKBytesPerSec" : 0.33940148375885576,
    "sentKBytesPerSec" : 0.06380095199505414
  },
  "Signout" : {
    "transaction" : "Signout",
    "sampleCount" : 2,
    "errorCount" : 0,
    "errorPct" : 0.0,
    "meanResTime" : 1760.5,
    "medianResTime" : 1760.5,
    "minResTime" : 1727.0,
    "maxResTime" : 1794.0,
    "pct1ResTime" : 1794.0,
    "pct2ResTime" : 1794.0,
    "pct3ResTime" : 1794.0,
    "throughput" : 0.06426941739773129,
    "receivedKBytesPerSec" : 0.643384568109515,
    "sentKBytesPerSec" : 0.15853959799479417
  },
  "Click on continue" : {
    "transaction" : "Click on continue",
    "sampleCount" : 2,
    "errorCount" : 0,
    "errorPct" : 0.0,
    "meanResTime" : 575.0,
    "medianResTime" : 575.0,
    "minResTime" : 558.0,
    "maxResTime" : 592.0,
    "pct1ResTime" : 592.0,
    "pct2ResTime" : 592.0,
    "pct3ResTime" : 592.0,
    "throughput" : 0.06691424938940747,
    "receivedKBytesPerSec" : 0.3117655115594366,
    "sentKBytesPerSec" : 0.09560111997724915
  },
  "042 - /actions/Catalog.action ()" : {
    "transaction" : "042 - /actions/Catalog.action ()",
    "sampleCount" : 2,
    "errorCount" : 0,
    "errorPct" : 0.0,
    "meanResTime" : 594.5,
    "medianResTime" : 594.5,
    "minResTime" : 587.0,
    "maxResTime" : 602.0,
    "pct1ResTime" : 602.0,
    "pct2ResTime" : 602.0,
    "pct3ResTime" : 602.0,
    "throughput" : 0.06682705159048383,
    "receivedKBytesPerSec" : 0.3245419214448009,
    "sentKBytesPerSec" : 0.05475380496524993
  },
  "030 - /actions/Catalog.action ()" : {
    "transaction" : "030 - /actions/Catalog.action ()",
    "sampleCount" : 2,
    "errorCount" : 0,
    "errorPct" : 0.0,
    "meanResTime" : 635.5,
    "medianResTime" : 635.5,
    "minResTime" : 580.0,
    "maxResTime" : 691.0,
    "pct1ResTime" : 691.0,
    "pct2ResTime" : 691.0,
    "pct3ResTime" : 691.0,
    "throughput" : 0.06655795533961197,
    "receivedKBytesPerSec" : 0.2796214100302839,
    "sentKBytesPerSec" : 0.05706824686345636
  },
  "Login" : {
    "transaction" : "Login",
    "sampleCount" : 2,
    "errorCount" : 0,
    "errorPct" : 0.0,
    "meanResTime" : 2290.0,
    "medianResTime" : 2290.0,
    "minResTime" : 2252.0,
    "maxResTime" : 2328.0,
    "pct1ResTime" : 2328.0,
    "pct2ResTime" : 2328.0,
    "pct3ResTime" : 2328.0,
    "throughput" : 0.06311736674345947,
    "receivedKBytesPerSec" : 0.9076819752579922,
    "sentKBytesPerSec" : 0.24075823681636002
  },
  "Launch" : {
    "transaction" : "Launch",
    "sampleCount" : 2,
    "errorCount" : 0,
    "errorPct" : 0.0,
    "meanResTime" : 2141.5,
    "medianResTime" : 2141.5,
    "minResTime" : 599.0,
    "maxResTime" : 3684.0,
    "pct1ResTime" : 3684.0,
    "pct2ResTime" : 3684.0,
    "pct3ResTime" : 3684.0,
    "throughput" : 0.05962495900784068,
    "receivedKBytesPerSec" : 0.30968295359687564,
    "sentKBytesPerSec" : 0.041894685552872436
  },
  "Click on fish" : {
    "transaction" : "Click on fish",
    "sampleCount" : 2,
    "errorCount" : 0,
    "errorPct" : 0.0,
    "meanResTime" : 585.5,
    "medianResTime" : 585.5,
    "minResTime" : 585.0,
    "maxResTime" : 586.0,
    "pct1ResTime" : 586.0,
    "pct2ResTime" : 586.0,
    "pct3ResTime" : 586.0,
    "throughput" : 0.06679357445813713,
    "receivedKBytesPerSec" : 0.2690006846341382,
    "sentKBytesPerSec" : 0.05518297264803126
  },
  "023 - /actions/Account.action ()" : {
    "transaction" : "023 - /actions/Account.action ()",
    "sampleCount" : 2,
    "errorCount" : 0,
    "errorPct" : 0.0,
    "meanResTime" : 1170.0,
    "medianResTime" : 1170.0,
    "minResTime" : 1123.0,
    "maxResTime" : 1217.0,
    "pct1ResTime" : 1217.0,
    "pct2ResTime" : 1217.0,
    "pct3ResTime" : 1217.0,
    "throughput" : 0.06542147787118512,
    "receivedKBytesPerSec" : 0.3469127195708351,
    "sentKBytesPerSec" : 0.13755121275064602
  },
  "026 - /actions/Catalog.action ()" : {
    "transaction" : "026 - /actions/Catalog.action ()",
    "sampleCount" : 2,
    "errorCount" : 0,
    "errorPct" : 0.0,
    "meanResTime" : 585.5,
    "medianResTime" : 585.5,
    "minResTime" : 585.0,
    "maxResTime" : 586.0,