{
  "021 - /actions/Account.action;jsessionid=BF49D44EA8540FCE37C1A1D090F491C6 ()" : {
    "transaction" : "021 - /actions/Account.action;jsessionid=BF49D44EA8540FCE37C1A1D090F491C6 ()",
    "sampleCount" : 19,
    "errorCount" : 0,
    "errorPct" : 0.0,
    "meanResTime" : 688.4736842105262,
    "medianResTime" : 448.0,
    "minResTime" : 228.0,
    "maxResTime" : 2273.0,
    "pct1ResTime" : 2035.0,
    "pct2ResTime" : 2273.0,
    "pct3ResTime" : 2273.0,
    "throughput" : 0.03416799142563247,
    "receivedKBytesPerSec" : 0.13663508618875836,
    "sentKBytesPerSec" : 0.028558792997719736
  },
  "039 - /actions/Order.action ()" : {
    "transaction" : "039 - /actions/Order.action ()",
    "sampleCount" : 19,
    "errorCount" : 0,
    "errorPct" : 0.0,
    "meanResTime" : 841.7894736842107,
    "medianResTime" : 451.0,
    "minResTime" : 236.0,
    "maxResTime" : 3599.0,
    "pct1ResTime" : 2394.0,
    "pct2ResTime" : 3599.0,
    "pct3ResTime" : 3599.0,
    "throughput" : 0.03341652288768003,
    "receivedKBytesPerSec" : 0.17840637756537767,
    "sentKBytesPerSec" : 0.027314091461902525
  },
  "024 - /actions/Catalog.action ()" : {
    "transaction" : "024 - /actions/Catalog.action ()",
    "sampleCount" : 19,
    "errorCount" : 0,
    "errorPct" : 0.0,
    "meanResTime" : 1520.9473684210532,
    "medianResTime" : 431.0,
    "minResTime" : 234.0,
    "maxResTime" : 18931.0,
    "pct1ResTime" : 2474.0,
    "pct2ResTime" : 18931.0,
    "pct3ResTime" : 18931.0,
    "throughput" : 0.034025666097184465,
    "receivedKBytesPerSec" : 0.17278658564976485,
    "sentKBytesPerSec" : 0.02930376547720101
  },
  "023 - /actions/Account.action ()-0" : {
    "transaction" : "023 - /actions/Account.action ()-0",
    "sampleCount" : 19,
    "errorCount" : 0,
    "errorPct" : 0.0,
    "meanResTime" : 433.5789473684211,
    "medianResTime" : 260.0,
    "minResTime" : 179.0,
    "maxResTime" : 3041.0,
    "pct1ResTime" : 599.0,
    "pct2ResTime" : 3041.0,
    "pct3ResTime" : 3041.0,
    "throughput" : 0.03415632089683713,
    "receivedKBytesPerSec" : 0.007671829888938026,
    "sentKBytesPerSec" : 0.03895604238799424
  },
  "Add to cart" : {
    "transaction" : "Add to cart",
    "sampleCount" : 19,
    "errorCount" : 0,
    "errorPct" : 0.0,
    "meanResTime" : 595.7368421052631,
    "medianResTime" : 383.0,
    "minResTime" : 228.0,
    "maxResTime" : 3312.0,
    "pct1ResTime" : 1582.0,
    "pct2ResTime" : 3312.0,
    "pct3ResTime" : 3312.0,
    "throughput" : 0.033493160344098154,
    "receivedKBytesPerSec" : 0.15912521979886476,
    "sentKBytesPerSec" : 0.028783184670709352
  },
  "Preceed to checkout" : {
    "transaction" : "Preceed to checkout",
    "sampleCount" : 19,
    "errorCount" : 0,
    "errorPct" : 0.0,
    "meanResTime" : 805.8421052631579,
    "medianResTime" : 451.0,
    "minResTime" : 232.0,
    "maxResTime" : 2865.0,
    "pct1ResTime" : 1884.0,
    "pct2ResTime" : 2865.0,
    "pct3ResTime" : 2865.0,
    "throughput" : 0.03342692873378794,
    "receivedKBytesPerSec" : 0.1837828210656505,
    "sentKBytesPerSec" : 0.028073397178767216
  },
  "038 - /actions/Order.action ()" : {
    "transaction" : "038 - /actions/Order.action ()",
    "sampleCount" : 19,
    "errorCount" : 0,
    "errorPct" : 0.0,
    "meanResTime" : 741.5263157894735,
    "medianResTime" : 463.0,
    "minResTime" : 234.0,
    "maxResTime" : 4430.0,
    "pct1ResTime" : 1427.0,
    "pct2ResTime" : 4430.0,
    "pct3ResTime" : 4430.0,
    "throughput" : 0.03336787200786779,
    "receivedKBytesPerSec" : 0.15546691147415748,
    "sentKBytesPerSec" : 0.04767304369874081
  },
  "023 - /actions/Account.action ()-1" : {
    "transaction" : "023 - /actions/Account.action ()-1",
    "sampleCount" : 19,
    "errorCount" : 0,
    "errorPct" : 0.0,
    "meanResTime" : 1531.5789473684208,
    "medianResTime" : 463.0,
    "minResTime" : 219.0,
    "maxResTime" : 20464.0,
    "pct1ResTime" : 852.0,
    "pct2ResTime" : 20464.0,
    "pct3ResTime" : 20464.0,
    "throughput" : 0.03413128689322656,
    "receivedKBytesPerSec" : 0.1733229412546661,
    "sentKBytesPerSec" : 0.03232788624940271
  },
  "Signout" : {
    "transaction" : "Signout",
    "sampleCount" : 19,
    "errorCount" : 0,
    "errorPct" : 0.0,
    "meanResTime" : 1401.7894736842104,
    "medianResTime" : 1140.0,
    "minResTime" : 779.0,
    "maxResTime" : 5389.0,
    "pct1ResTime" : 1958.0,
    "pct2ResTime" : 5389.0,
    "pct3ResTime" : 5389.0,
    "throughput" : 0.03350136914806018,
    "receivedKBytesPerSec" : 0.33537356946949703,
    "sentKBytesPerSec" : 0.08264107272265628
  },
  "Click on continue" : {
    "transaction" : "Click on continue",
    "sampleCount" : 19,
    "errorCount" : 0,
    "errorPct" : 0.0,
    "meanResTime" : 741.5263157894735,
    "medianResTime" : 463.0,
    "minResTime" : 234.0,
    "maxResTime" : 4430.0,
    "pct1ResTime" : 1427.0,
    "pct2ResTime" : 4430.0,
    "pct3ResTime" : 4430.0,
    "throughput" : 0.03336787200786779,
    "receivedKBytesPerSec" : 0.15546691147415748,
    "sentKBytesPerSec" : 0.04767304369874081
  },
  "042 - /actions/Catalog.action ()" : {
    "transaction" : "042 - /actions/Catalog.action ()",
    "sampleCount" : 19,
    "errorCount" : 0,
    "errorPct" : 0.0,
    "meanResTime" : 528.578947368421,
    "medianResTime" : 359.0,
    "minResTime" : 222.0,
    "maxResTime" : 2430.0,
    "pct1ResTime" : 779.0,
    "pct2ResTime" : 2430.0,
    "pct3ResTime" : 2430.0,
    "throughput" : 0.03353240995665495,
    "receivedKBytesPerSec" : 0.16284831515082526,
    "sentKBytesPerSec" : 0.027474308548470217
  },
  "030 - /actions/Catalog.action ()" : {
    "transaction" : "030 - /actions/Catalog.action ()",
    "sampleCount" : 19,
    "errorCount" : 0,
    "errorPct" : 0.0,
    "meanResTime" : 733.7368421052631,
    "medianResTime" : 498.0,
    "minResTime" : 237.0,
    "maxResTime" : 2555.0,
    "pct1ResTime" : 1291.0,
    "pct2ResTime" : 2555.0,
    "pct3ResTime" : 2555.0,
    "throughput" : 0.03367588204224728,
    "receivedKBytesPerSec" : 0.14147816850170683,
    "sentKBytesPerSec" : 0.028874437922942493
  },
  "Login" : {
    "transaction" : "Login",
    "sampleCount" : 19,
    "errorCount" : 0,
    "errorPct" : 0.0,
    "meanResTime" : 4175.368421052632,
    "medianResTime" : 1661.0,
    "minResTime" : 1190.0,
    "maxResTime" : 44710.0,
    "pct1ResTime" : 5672.0,
    "pct2ResTime" : 44710.0,
    "pct3ResTime" : 44710.0,
    "throughput" : 0.03394602938654165,
    "receivedKBytesPerSec" : 0.4881364350103268,
    "sentKBytesPerSec" : 0.128477067223858
  },
  "Launch" : {
    "transaction" : "Launch",
    "sampleCount" : 20,
    "errorCount" : 0,
    "errorPct" : 0.0,
    "meanResTime" : 802.8499999999999,
    "medianResTime" : 440.5,
    "minResTime" : 255.0,
    "maxResTime" : 3508.0,
    "pct1ResTime" : 2162.800000000001,
    "pct2ResTime" : 3443.649999999999,
    "pct3ResTime" : 3508.0,
    "throughput" : 0.033297871100611186,
    "receivedKBytesPerSec" : 0.16283276799791555,
    "sentKBytesPerSec" : 0.02417184812757746
  },
  "Click on fish" : {
    "transaction" : "Click on fish",
    "sampleCount" : 19,
    "errorCount" : 0,
    "errorPct" : 0.0,
    "meanResTime" : 771.8947368421052,
    "medianResTime" : 408.0,
    "minResTime" : 236.0,
    "maxResTime" : 5061.0,
    "pct1ResTime" : 2181.0,
    "pct2ResTime" : 5061.0,
    "pct3ResTime" : 5061.0,
    "throughput" : 0.033733818863596415,
    "receivedKBytesPerSec" : 0.13585768456393715,
    "sentKBytesPerSec" : 0.02786993238144782
  },
  "023 - /actions/Account.action ()" : {
    "transaction" : "023 - /actions/Account.action ()",
    "sampleCount" : 19,
    "errorCount" : 0,
    "errorPct" : 0.0,
    "meanResTime" : 1965.9473684210527,
    "medianResTime" : 765.0,
    "minResTime" : 442.0,
    "maxResTime" : 23506.0,
    "pct1ResTime" : 1163.0,
    "pct2ResTime" : 23506.0,
    "pct3ResTime" : 23506.0,
    "throughput" : 0.03412019286887969,
    "receivedKBytesPerSec" : 0.1809303196074382,
    "sentKBytesPerSec" : 0.07123221597184186
  },