{
  "021 - /actions/Account.action;jsessionid=BF49D44EA8540FCE37C1A1D090F491C6 ()" : {
    "transaction" : "021 - /actions/Account.action;jsessionid=BF49D44EA8540FCE37C1A1D090F491C6 ()",
    "sampleCount" : 25,
    "errorCount" : 0,
    "errorPct" : 0.0,
    "meanResTime" : 241.32,
    "medianResTime" : 214.0,
    "minResTime" : 171.0,
    "maxResTime" : 539.0,
    "pct1ResTime" : 472.2,
    "pct2ResTime" : 519.5,
    "pct3ResTime" : 539.0,
    "throughput" : 0.042667504087546895,
    "receivedKBytesPerSec" : 0.17063168226448389,
    "sentKBytesPerSec" : 0.03565403310315637
  },
  "039 - /actions/Order.action ()" : {
    "transaction" : "039 - /actions/Order.action ()",
    "sampleCount" : 24,
    "errorCount" : 0,
    "errorPct" : 0.0,
    "meanResTime" : 233.79166666666666,
    "medianResTime" : 215.0,
    "minResTime" : 172.0,
    "maxResTime" : 402.0,
    "pct1ResTime" : 370.5,
    "pct2ResTime" : 401.5,
    "pct3ResTime" : 402.0,
    "throughput" : 0.04278753670368383,
    "receivedKBytesPerSec" : 0.22843697574124952,
    "sentKBytesPerSec" : 0.034973797090804074
  },
  "024 - /actions/Catalog.action ()" : {
    "transaction" : "024 - /actions/Catalog.action ()",
    "sampleCount" : 25,
    "errorCount" : 0,
    "errorPct" : 0.0,
    "meanResTime" : 199.67999999999995,
    "medianResTime" : 196.0,
    "minResTime" : 150.0,
    "maxResTime" : 272.0,
    "pct1ResTime" : 246.40000000000006,
    "pct2ResTime" : 269.9,
    "pct3ResTime" : 272.0,
    "throughput" : 0.04270919819459677,
    "receivedKBytesPerSec" : 0.21688264708193672,
    "sentKBytesPerSec" : 0.03677328697676961
  },
  "023 - /actions/Account.action ()-0" : {
    "transaction" : "023 - /actions/Account.action ()-0",
    "sampleCount" : 25,
    "errorCount" : 0,
    "errorPct" : 0.0,
    "meanResTime" : 200.52,
    "medianResTime" : 185.0,
    "minResTime" : 154.0,
    "maxResTime" : 350.0,
    "pct1ResTime" : 273.0000000000002,
    "pct2ResTime" : 345.8,
    "pct3ResTime" : 350.0,
    "throughput" : 0.04269038202769069,
    "receivedKBytesPerSec" : 0.00958866002575084,
    "sentKBytesPerSec" : 0.04868037625595104
  },
  "Add to cart" : {
    "transaction" : "Add to cart",
    "sampleCount" : 25,
    "errorCount" : 0,
    "errorPct" : 0.0,
    "meanResTime" : 265.08000000000004,
    "medianResTime" : 212.0,
    "minResTime" : 170.0,
    "maxResTime" : 748.0,
    "pct1ResTime" : 499.60000000000025,
    "pct2ResTime" : 695.7999999999998,
    "pct3ResTime" : 748.0,
    "throughput" : 0.04273752662547908,
    "receivedKBytesPerSec" : 0.20304498733687085,
    "sentKBytesPerSec" : 0.03672756194377109
  },
  "Preceed to checkout" : {
    "transaction" : "Preceed to checkout",
    "sampleCount" : 25,
    "errorCount" : 0,
    "errorPct" : 0.0,
    "meanResTime" : 297.80000000000007,
    "medianResTime" : 210.0,
    "minResTime" : 160.0,
    "maxResTime" : 1140.0,
    "pct1ResTime" : 699.4000000000001,
    "pct2ResTime" : 1010.6999999999997,
    "pct3ResTime" : 1140.0,
    "throughput" : 0.042767209525112905,
    "receivedKBytesPerSec" : 0.23513612268201728,
    "sentKBytesPerSec" : 0.03591777362460655
  },
  "038 - /actions/Order.action ()" : {
    "transaction" : "038 - /actions/Order.action ()",
    "sampleCount" : 24,
    "errorCount" : 0,
    "errorPct" : 0.0,
    "meanResTime" : 248.08333333333331,
    "medianResTime" : 232.0,
    "minResTime" : 173.0,
    "maxResTime" : 561.0,
    "pct1ResTime" : 298.5,
    "pct2ResTime" : 495.75,
    "pct3ResTime" : 561.0,
    "throughput" : 0.04277381030884474,
    "receivedKBytesPerSec" : 0.19929086814794747,
    "sentKBytesPerSec" : 0.061111410626796724
  },
  "023 - /actions/Account.action ()-1" : {
    "transaction" : "023 - /actions/Account.action ()-1",
    "sampleCount" : 25,
    "errorCount" : 0,
    "errorPct" : 0.0,
    "meanResTime" : 282.44000000000005,
    "medianResTime" : 213.0,
    "minResTime" : 160.0,
    "maxResTime" : 718.0,
    "pct1ResTime" : 484.0000000000002,
    "pct2ResTime" : 665.7999999999998,
    "pct3ResTime" : 718.0,
    "throughput" : 0.042705039707145925,
    "receivedKBytesPerSec" : 0.2168615297628504,
    "sentKBytesPerSec" : 0.04043967080393092
  },
  "Signout" : {
    "transaction" : "Signout",
    "sampleCount" : 24,
    "errorCount" : 0,
    "errorPct" : 0.0,
    "meanResTime" : 645.4999999999999,
    "medianResTime" : 603.5,
    "minResTime" : 487.0,
    "maxResTime" : 943.0,
    "pct1ResTime" : 860.5,
    "pct2ResTime" : 937.5,
    "pct3ResTime" : 943.0,
    "throughput" : 0.042765502494654314,
    "receivedKBytesPerSec" : 0.42811441999287236,
    "sentKBytesPerSec" : 0.10549380791161796
  },
  "Click on continue" : {
    "transaction" : "Click on continue",
    "sampleCount" : 24,
    "errorCount" : 0,
    "errorPct" : 0.0,
    "meanResTime" : 248.08333333333331,
    "medianResTime" : 232.0,
    "minResTime" : 173.0,
    "maxResTime" : 561.0,
    "pct1ResTime" : 298.5,
    "pct2ResTime" : 495.75,
    "pct3ResTime" : 561.0,
    "throughput" : 0.04277373407569525,
    "receivedKBytesPerSec" : 0.1992905129640059,
    "sentKBytesPerSec" : 0.061111301711662264
  },
  "042 - /actions/Catalog.action ()" : {
    "transaction" : "042 - /actions/Catalog.action ()",
    "sampleCount" : 24,
    "errorCount" : 0,
    "errorPct" : 0.0,
    "meanResTime" : 182.45833333333334,
    "medianResTime" : 186.0,
    "minResTime" : 156.0,
    "maxResTime" : 224.0,
    "pct1ResTime" : 202.5,
    "pct2ResTime" : 219.5,
    "pct3ResTime" : 224.0,
    "throughput" : 0.04279844784295823,
    "receivedKBytesPerSec" : 0.20784832140921022,
    "sentKBytesPerSec" : 0.03506630638695503
  },
  "030 - /actions/Catalog.action ()" : {
    "transaction" : "030 - /actions/Catalog.action ()",
    "sampleCount" : 25,
    "errorCount" : 0,
    "errorPct" : 0.0,
    "meanResTime" : 236.99999999999997,
    "medianResTime" : 215.0,
    "minResTime" : 159.0,
    "maxResTime" : 589.0,
    "pct1ResTime" : 389.00000000000006,
    "pct2ResTime" : 531.6999999999998,
    "pct3ResTime" : 589.0,
    "throughput" : 0.04271408727684025,
    "receivedKBytesPerSec" : 0.17944922213375658,
    "sentKBytesPerSec" : 0.03662399280182201
  },
  "Login" : {
    "transaction" : "Login",
    "sampleCount" : 25,
    "errorCount" : 0,
    "errorPct" : 0.0,
    "meanResTime" : 925.2399999999999,
    "medianResTime" : 874.0,
    "minResTime" : 666.0,
    "maxResTime" : 1318.0,
    "pct1ResTime" : 1202.6000000000004,
    "pct2ResTime" : 1304.8,
    "pct3ResTime" : 1318.0,
    "throughput" : 0.0426317063937328,
    "receivedKBytesPerSec" : 0.6130422726408467,
    "sentKBytesPerSec" : 0.16131438027141048
  },
  "Launch" : {
    "transaction" : "Launch",
    "sampleCount" : 25,
    "errorCount" : 0,
    "errorPct" : 0.0,
    "meanResTime" : 409.08,
    "medianResTime" : 234.0,
    "minResTime" : 163.0,
    "maxResTime" : 2187.0,
    "pct1ResTime" : 760.6000000000004,
    "pct2ResTime" : 1787.699999999999,
    "pct3ResTime" : 2187.0,
    "throughput" : 0.04250768113798163,
    "receivedKBytesPerSec" : 0.20758360410726218,
    "sentKBytesPerSec" : 0.030879505707931423
  },
  "Click on fish" : {
    "transaction" : "Click on fish",
    "sampleCount" : 25,
    "errorCount" : 0,
    "errorPct" : 0.0,
    "meanResTime" : 228.52,
    "medianResTime" : 218.0,
    "minResTime" : 164.0,
    "maxResTime" : 373.0,
    "pct1ResTime" : 323.6000000000001,
    "pct2ResTime" : 363.4,
    "pct3ResTime" : 373.0,
    "throughput" : 0.042711460168146476,
    "receivedKBytesPerSec" : 0.17201373216155866,
    "sentKBytesPerSec" : 0.03528700713110539
  },
  "023 - /actions/Account.action ()" : {
    "transaction" : "023 - /actions/Account.action ()",
    "sampleCount" : 25,
    "errorCount" : 0,
    "errorPct" : 0.0,
    "meanResTime" : 484.24,
    "medianResTime" : 446.0,
    "minResTime" : 325.0,
    "maxResTime" : 927.0,
    "pct1ResTime" : 695.6000000000001,
    "pct2ResTime" : 866.3999999999999,
    "pct3ResTime" : 927.0,
    "throughput" : 0.042678284264687304,