{
  "021 - /actions/Account.action;jsessionid=BF49D44EA8540FCE37C1A1D090F491C6 ()" : {
    "transaction" : "021 - /actions/Account.action;jsessionid=BF49D44EA8540FCE37C1A1D090F491C6 ()",
    "sampleCount" : 2,
    "errorCount" : 0,
    "errorPct" : 0.0,
    "meanResTime" : 252.5,
    "medianResTime" : 252.5,
    "minResTime" : 198.0,
    "maxResTime" : 307.0,
    "pct1ResTime" : 307.0,
    "pct2ResTime" : 307.0,
    "pct3ResTime" : 307.0,
    "throughput" : 0.07745333436604446,
    "receivedKBytesPerSec" : 0.30981333746417783,
    "sentKBytesPerSec" : 0.0653134318604291
  },
  "039 - /actions/Order.action ()" : {
    "transaction" : "039 - /actions/Order.action ()",
    "sampleCount" : 2,
    "errorCount" : 0,
    "errorPct" : 0.0,
    "meanResTime" : 243.5,
    "medianResTime" : 243.5,
    "minResTime" : 185.0,
    "maxResTime" : 302.0,
    "pct1ResTime" : 302.0,
    "pct2ResTime" : 302.0,
    "pct3ResTime" : 302.0,
    "throughput" : 0.07885502503647045,
    "receivedKBytesPerSec" : 0.42099650573670305,
    "sentKBytesPerSec" : 0.06445474214406813
  },
  "024 - /actions/Catalog.action ()" : {
    "transaction" : "024 - /actions/Catalog.action ()",
    "sampleCount" : 2,
    "errorCount" : 0,
    "errorPct" : 0.0,
    "meanResTime" : 180.5,
    "medianResTime" : 180.5,
    "minResTime" : 167.0,
    "maxResTime" : 194.0,
    "pct1ResTime" : 194.0,
    "pct2ResTime" : 194.0,
    "pct3ResTime" : 194.0,
    "throughput" : 0.07821666014861164,
    "receivedKBytesPerSec" : 0.39719397731716855,
    "sentKBytesPerSec" : 0.06794308515838873
  },
  "023 - /actions/Account.action ()-0" : {
    "transaction" : "023 - /actions/Account.action ()-0",
    "sampleCount" : 2,
    "errorCount" : 0,
    "errorPct" : 0.0,
    "meanResTime" : 194.5,
    "medianResTime" : 194.5,
    "minResTime" : 175.0,
    "maxResTime" : 214.0,
    "pct1ResTime" : 214.0,
    "pct2ResTime" : 214.0,
    "pct3ResTime" : 214.0,
    "throughput" : 0.07785130400934215,
    "receivedKBytesPerSec" : 0.017486132736473335,
    "sentKBytesPerSec" : 0.08936934361619307
  },
  "Add to cart" : {
    "transaction" : "Add to cart",
    "sampleCount" : 2,
    "errorCount" : 0,
    "errorPct" : 0.0,
    "meanResTime" : 208.0,
    "medianResTime" : 208.0,
    "minResTime" : 201.0,
    "maxResTime" : 215.0,
    "pct1ResTime" : 215.0,
    "pct2ResTime" : 215.0,
    "pct3ResTime" : 215.0,
    "throughput" : 0.07928327915642591,
    "receivedKBytesPerSec" : 0.3766730010703243,
    "sentKBytesPerSec" : 0.06813406802505352
  },
  "Preceed to checkout" : {
    "transaction" : "Preceed to checkout",
    "sampleCount" : 2,
    "errorCount" : 0,
    "errorPct" : 0.0,
    "meanResTime" : 210.5,
    "medianResTime" : 210.5,
    "minResTime" : 192.0,
    "maxResTime" : 229.0,
    "pct1ResTime" : 229.0,
    "pct2ResTime" : 229.0,
    "pct3ResTime" : 229.0,
    "throughput" : 0.07935563226600008,
    "receivedKBytesPerSec" : 0.4363009859937309,
    "sentKBytesPerSec" : 0.0666463317858985
  },
  "038 - /actions/Order.action ()" : {
    "transaction" : "038 - /actions/Order.action ()",
    "sampleCount" : 2,
    "errorCount" : 0,
    "errorPct" : 0.0,
    "meanResTime" : 347.0,
    "medianResTime" : 347.0,
    "minResTime" : 305.0,
    "maxResTime" : 389.0,
    "pct1ResTime" : 389.0,
    "pct2ResTime" : 389.0,
    "pct3ResTime" : 389.0,
    "throughput" : 0.0788488074117879,
    "receivedKBytesPerSec" : 0.3673707618766016,
    "sentKBytesPerSec" : 0.11265215355805244
  },
  "023 - /actions/Account.action ()-1" : {
    "transaction" : "023 - /actions/Account.action ()-1",
    "sampleCount" : 2,
    "errorCount" : 0,
    "errorPct" : 0.0,
    "meanResTime" : 234.0,
    "medianResTime" : 234.0,
    "minResTime" : 187.0,
    "maxResTime" : 281.0,
    "pct1ResTime" : 281.0,
    "pct2ResTime" : 281.0,
    "pct3ResTime" : 281.0,
    "throughput" : 0.0779483981604178,
    "receivedKBytesPerSec" : 0.39583170940837165,
    "sentKBytesPerSec" : 0.07440874922051602
  },
  "Signout" : {
    "transaction" : "Signout",
    "sampleCount" : 2,
    "errorCount" : 0,
    "errorPct" : 0.0,
    "meanResTime" : 734.0,
    "medianResTime" : 734.0,
    "minResTime" : 543.0,
    "maxResTime" : 925.0,
    "pct1ResTime" : 925.0,
    "pct2ResTime" : 925.0,
    "pct3ResTime" : 925.0,
    "throughput" : 0.08017960230917254,
    "receivedKBytesPerSec" : 0.802657327413406,
    "sentKBytesPerSec" : 0.19778679241500963
  },
  "Click on continue" : {
    "transaction" : "Click on continue",
    "sampleCount" : 2,
    "errorCount" : 0,
    "errorPct" : 0.0,
    "meanResTime" : 347.0,
    "medianResTime" : 347.0,
    "minResTime" : 305.0,
    "maxResTime" : 389.0,
    "pct1ResTime" : 389.0,
    "pct2ResTime" : 389.0,
    "pct3ResTime" : 389.0,
    "throughput" : 0.0788488074117879,
    "receivedKBytesPerSec" : 0.3673707618766016,
    "sentKBytesPerSec" : 0.11265215355805244
  },
  "042 - /actions/Catalog.action ()" : {
    "transaction" : "042 - /actions/Catalog.action ()",
    "sampleCount" : 2,
    "errorCount" : 0,
    "errorPct" : 0.0,
    "meanResTime" : 193.0,
    "medianResTime" : 193.0,
    "minResTime" : 191.0,
    "maxResTime" : 195.0,
    "pct1ResTime" : 195.0,
    "pct2ResTime" : 195.0,
    "pct3ResTime" : 195.0,
    "throughput" : 0.08260025606079378,
    "receivedKBytesPerSec" : 0.4011436263577417,
    "sentKBytesPerSec" : 0.06767735823731054
  },
  "030 - /actions/Catalog.action ()" : {
    "transaction" : "030 - /actions/Catalog.action ()",
    "sampleCount" : 2,
    "errorCount" : 0,
    "errorPct" : 0.0,
    "meanResTime" : 349.5,
    "medianResTime" : 349.5,
    "minResTime" : 212.0,
    "maxResTime" : 487.0,
    "pct1ResTime" : 487.0,
    "pct2ResTime" : 487.0,
    "pct3ResTime" : 487.0,
    "throughput" : 0.07839448102853559,
    "receivedKBytesPerSec" : 0.3293486888523048,
    "sentKBytesPerSec" : 0.06721714291313892
  },
  "Login" : {
    "transaction" : "Login",
    "sampleCount" : 2,
    "errorCount" : 0,
    "errorPct" : 0.0,
    "meanResTime" : 865.0,
    "medianResTime" : 865.0,
    "minResTime" : 755.0,
    "maxResTime" : 975.0,
    "pct1ResTime" : 975.0,
    "pct2ResTime" : 975.0,
    "pct3ResTime" : 975.0,
    "throughput" : 0.07581213752321746,
    "receivedKBytesPerSec" : 1.0902436886395512,
    "sentKBytesPerSec" : 0.2891818448883666
  },
  "Launch" : {
    "transaction" : "Launch",
    "sampleCount" : 2,
    "errorCount" : 0,
    "errorPct" : 0.0,
    "meanResTime" : 974.0,
    "medianResTime" : 974.0,
    "minResTime" : 171.0,
    "maxResTime" : 1777.0,
    "pct1ResTime" : 1777.0,
    "pct2ResTime" : 1777.0,
    "pct3ResTime" : 1777.0,
    "throughput" : 0.07250842910488343,
    "receivedKBytesPerSec" : 0.3765977345647682,
    "sentKBytesPerSec" : 0.0509470847079723
  },
  "Click on fish" : {
    "transaction" : "Click on fish",
    "sampleCount" : 2,
    "errorCount" : 0,
    "errorPct" : 0.0,
    "meanResTime" : 262.5,
    "medianResTime" : 262.5,
    "minResTime" : 209.0,
    "maxResTime" : 316.0,
    "pct1ResTime" : 316.0,
    "pct2ResTime" : 316.0,
    "pct3ResTime" : 316.0,
    "throughput" : 0.07809449433814916,
    "receivedKBytesPerSec" : 0.31451337368215543,
    "sentKBytesPerSec" : 0.06451947481452558
  },
  "023 - /actions/Account.action ()" : {
    "transaction" : "023 - /actions/Account.action ()",
    "sampleCount" : 2,
    "errorCount" : 0,
    "errorPct" : 0.0,
    "meanResTime" : 432.0,
    "medianResTime" : 432.0,
    "minResTime" : 363.0,
    "maxResTime" : 501.0,
    "pct1ResTime" : 501.0,
    "pct2ResTime" : 501.0,
    "pct3ResTime" : 501.0,
    "throughput" : 0.07728572532653219,
    "receivedKBytesPerSec" : 0.40982567238581036,
    "sentKBytesPerSec" : 0.16249625647267948
  },
  "026 - /actions/Catalog.action ()" : {
    "transaction" : "026 - /actions/Catalog.action ()",
    "sampleCount" : 2,
    "errorCount" : 0,
    "errorPct" : 0.0,
    "meanResTime" : 262.5,
    "medianResTime" : 262.5,
    "minResTime" : 209.0,
    "maxResTime" : 316.0,
    "pct1ResTime" : 316.0,
    "pct2ResTime" : 316.0,